{
  "roc_auc": 0.9955684797095523,
  "pr_auc": 0.9859970000439983,
  "n_train_pairs": 55968,
  "n_val_pairs": 13992,
  "n_features": 240
}