{
  "roc_auc": 0.9956417939201477,
  "pr_auc": 0.9857900476268495,
  "n_train_pairs": 55886,
  "n_val_pairs": 13972,
  "n_features": 240
}